bin,x,y,n
1,0.037506444377878825,5.701170213225771,2621716
2,1.6256887213839437,4.3112418571142745,81442
